title,averageStar,quantity,tradeAmount,wishedCount
350ml Collapsible Dog Pet Folding Silicone Bowl Outdoor Travel Portable Puppy Food Container Feeder Dish Bowl Pet supplies,4.9,59192,600+ sold,235
Cute Flamingo Plush Dog Toys Funny Interactive Squeaky Chew Ropes Toys For Small Large Pets Teeth Cleaning Supplies,4.8,4,275 sold,193
Dog Break Stick Nylon Chew Toys Food Aggressions Protect Pet Mouth Bite Training Stick for Small Medium Dogs Pet Supplies,5.0,14,15 sold,7
"Polymères ronds chauds en peluche pour animaux de compagnie, chenil pour chien, lit pour chat, fournitures pour animaux de compagnie, hiver",5.0,2025,3 Vendus,2
Silicone Waterproof Pet Mat for Dog Cat Pet Food Pad Pet Bowl Drinking Mat Dog Feeding Placemat Portable Outdoor Feeding,4.6,276,484 sold,444
Pet Pills Applicator Cats Dogs Syringe Medicine Feeder Insect Repellent Supplies Can Clip Pills Cats and Dogs Pet Water Feeder,4.8,26,900+ sold,591
20Pcs/Bag Pet Cleaning Teeth Finger Cover Dog Cat Remove Tartar Calculus Oral Care Cochlear Cleaning Non-woven Fabric Finger Cot,4.8,30,500+ sold,401
set  Cute Colorful Lightweight Pet Cat Toys Mice Cat Catcher Pet Supplies Pet Toys Mouse Toys,2.0,970,16 sold,4
Dog Mat Cooling Summer Pad Mat For Dogs Cat Blanket Sofa Breathable Pet Dog Bed Summer Washable For Small Medium Large Dogs Car,4.7,762,"3,000+ sold",4512
Pet Footprints Baby Paw Print Pad Foot Print Mat Pet Handprints And Footprints Non-Toxic Ink Pad Dog Footprints Souvenir,0.0,996,3 sold,5
2/1PCS Pet ID Tag for Puppy and Cat Kitten Dogs Collar Accessories Dog Tag Customized Pet Identity Card Pet Supplies,5.0,2600,24 sold,29
10pcs Cat Water Fountain Filter Replacement Filters Pet Cats Water Drinking Dispenser filter supplies,4.8,46,"1,000+ sold",946
Dog Clothes For Small Dogs Yorkia Mini Chihuahua Dog Clothes Winter Cat Jacket Coat For Pug Puppy Down Coat Sphynx Pets Apparel,4.7,103,134 sold,229
Reusable Dog Urine Mat Absorbent Super Washable Pet Pee Mat Cat Puppy Training Diaper Mat Pet Supplies for Car Seat Floor Sofa,4.8,44,330 sold,479
Portable Dog&Cat Water Bottle Dispenser For Small Large Dogs Foldable Outdoor Hiking Drinking Bowl French Bulldog Pet Supplies,4.9,365,66 sold,39
Dog Collar Light Luminous Flashing Glowing Bright Nylon Reflective LED Dog Collar Night Safety For Cats Puppy pet supplies,4.3,576,163 sold,108
Pet Cat Plush Channel Foldable Suede Tunnel Educational Toy Warm Winter Interactive Toys for Cat Supplies,4.5,15,137 sold,182
Pet Dog Shampoo Brush 2.7oz 80ml Cat Massage Comb Grooming Scrubber  for Bathing Short Hair Soft Silicone Rubber,4.8,184,"1,000+ sold",1004
Cat Hammock Window Hanger Cat Hammock Washable Detachable Pet Bed Suction Shelf Bag Beds Seat For Cat Sleeping Pet Supplies,4.4,268,311 sold,192
Pet Dog Harness Reflective Adjustable Breathable Vest Chest Strap for Small Medium Large Dogs Cat Puppy Collar Dog Accessoires,4.7,7007,800+ sold,876
Disposable Pet Poop Bags Dog Poop Bag Bone Dispenser with Leash Clip Puppy Dog Products Supplies 5Roll(75Pcs) Bags,4.8,2976,164 sold,39
Foldable Cat House Outdoor Waterproof Pet House For Small Dogs Kitten Puppy Cave Nest With Pets Pad Dog Cat Bed Tent Supplies,5.0,6893,26 sold,450
Pet Facial Cleaning Comb Removes Tear Stains Eye-poop Comb Dog Hair Repair Scissors Cat Hair Comb Pet Clean Supplies Accessories,4.9,89,74 sold,25
Pet Collar and Leash Set for Small Medium Large Dog Walking Collars Bohemia Style Puppy Cat Collar Pet Supplies Buldog Chihuahua,4.8,121,298 sold,187
Pet Dog Muzzle Breathable Basket Muzzles Large Dogs Stop Biting Barking Chewing For Greyhound Gree Whippet Dogs supplies,4.7,387,900+ sold,2676
Interactive Cat Toy Funny Simulation Bird Feather with Bell Cat Stick Toy for Kitten Playing Teaser Wand Toy Pet Cats Supplies,4.7,2612,"1,000+ sold",1976
"Triple Cat Bowls Pet Feeder, 2-in-1 Double Bowls with Automatic Drinking Bottle, Tilted and Rotatable Design for Cats and Dogs",4.6,38,320 sold,444
Dog Chew Toy Pet Squeaky Ball Toy Teeth Care Cartoon Big Eye Monster Rubber Latex Interactive Trainning Puppy Pet Dog Supplies,4.6,1994,86 sold,156
Portable Dog Water Bottle Food and Water Container For Dog Pets Feeder Bowl Outdoor Travel Drinking Bowls Water Dispenser,4.8,5686,"1,000+ sold",5186
Pet Toy Interactive Cat Toys Funny Cat Stick Spring Rope Ball Plush Toy Interactive Play Training Toys Cats Supplies,4.8,184,306 sold,271
Bite-resistant Pet Dog Toy Rubber Ball Beef-flavored Elastic Ball To Prevent Dog From Destroying Things Dog Training Supply,5.0,65,26 sold,14
Pet Poop Bags Disposable Dog Waste Bags Bulk Poop Bags with Leash Clip and Bone Bag Dispenser 5Roll(75Pcs) Bags with Paw Prints,4.9,2072,219 sold,27
Bathroom Dog Bath Brush Massage Gloves Soft Safety Silicone Comb with Shampoo Box Pet Dog Brush Grooming Supplies,4.0,29,75 sold,63
Electric Dog Training Collar Waterproof Pet Remote Control Rechargeable 500m training dogs collars with Shock Vibration Sound,4.8,269,95 sold,35
2 In 1 Dog Water Bottle For Small Large Dogs Cats Leak Proof Portable Puppy Drinking Food Feeder Schnauzer Beagle Pet Supplies,0.0,389,4 sold,0
"3 in 1 Motorized Spray Cat Brush Dog Massage Brush for Grooming Massage, Tangle Removal and Loose Hair Pet Products",5.0,423,22 sold,2
Adjustable Leather Pet Dog collar Neck Strap Supplies PU Leather Punk Rivet Spiked Dog Collar Pet Collars For Small Dog Cat,4.8,4772,28 sold,20
Silicone Flying Saucer Funny Dog Cat Toy Dog Game Flying Discs Resistant Chew Puppy Training Interactive Pet Supplies,4.7,1480,119 sold,38
Reflective Pet Dog Car Seat Belt Puppy Dog Walking Travel Car Accessories Dog Leash Harness for Small Dogs Pet Car Supplies,5.0,44,120 sold,135
3 Sizes Warm Pets Bed Mat Cover Towel Cute Paw Cat Dog Fleece Soft Blanket for Small Medium Large Dogs Blankets Supplies,4.7,36,194 sold,170
Pet Dog Muzzles Adjustable French Bulldog Muzzle Dog Mouth Mask Breathable Muzzle for Anti Stop Barking Supplies Prevent Biting,5.0,80,11 sold,2
Extendable Pet Flea Collar Antiparasitic Necklace Personalized  Anti Flea and Tick Big Dog Puppy Cat Anti-Flea Collar Ticks Dogs,4.9,474,288 sold,728
Bathroom  Puppy Big Dog Cat Bath Massage Gloves Brush Soft Safety Silicone Pet Accessories for Dogs Cats Tools Mascotas Products,4.8,1332,"10,000+ sold",14203
1pc 53cm Luxury Dog Gold Chain Necklace Dollars adjustable trendy pendan Metal Collar Pet Accessories  Dog  photo props Supplies,4.9,6,63 sold,368
1Pc Cat Toy Sisal Scratching Ball Training Interactive Toy for Kitten Pet Cat Supplies Feather Toy  Cat Toys Interactive,4.7,3,"3,000+ sold",1465
"Non-toxic Pet Footprint Pad, Dog Footprint Pad, Safe Printing Pad, Baby Paw Print, Ink-free",4.0,131,38 sold,27
2 In 1 Pet Dog Clicker Dog Training Whistle Clicker Dog Trainer Puppy Stop Barking Training Aid Tool with Key Ring Pet Supplies,5.0,257,98 sold,402
Pet Car Elastic Fence Dog Safety Isolation Net Children Travel Isolation Barrier Mesh Dog Fence Anti-collision Mesh Pet Supplies,4.5,148,437 sold,415
Pet Heartbeat Puppy Behavioral Training Dog Plush Pet Comfortable Snuggle Anxiety Relief Sleep Aid Doll Durable Drop Ship,4.6,172,500+ sold,749
Cat Litter Shovel Wood Handle Cat Litter Shovel Toilet Cleaning Shovel Tools Pet Cleaning Accessories Supplies Cats Pet Products,4.7,198,232 sold,91
